{
  "_meta": {
    "created_at": "2026-03-06T21:35:41.993828+00:00"
  },
  "GK": {
    "goalkeeper_saves": [
      3.0285,
      1.75639
    ],
    "clean_sheets": [
      0.633333,
      0.718395
    ],
    "goals_conceded": [
      1.228402,
      0.927918
    ]
  },
  "CB": {
    "defensive_clearances": [
      3.222094,
      0.729968
    ],
    "passes_conversion_rate": [
      0.858333,
      0.094745
    ],
    "ball_control_phases": [
      65.132685,
      13.96045
    ]
  },
  "FB": {
    "crosses_from_play_successful": [
      1.527431,
      0.313084
    ],
    "passes_conversion_rate": [
      0.826667,
      0.035119
    ],
    "assists": [
      0.148552,
      0.257299
    ],
    "ball_control_phases": [
      66.070345,
      4.841364
    ]
  },
  "DM": {
    "passes_conversion_rate": [
      0.867088,
      0.049526
    ],
    "ball_control_phases": [
      57.75152,
      15.710431
    ],
    "fouls_against_opponent": [
      1.094236,
      0.80067
    ]
  },
  "CM": {
    "passes_conversion_rate": [
      0.7355,
      0.074252
    ],
    "ball_control_phases": [
      40.10924,
      12.431247
    ],
    "chances": [
      0.852326,
      0.957056
    ],
    "assists": [
      0.049101,
      0.16989
    ]
  },
  "AM": {
    "assists": [
      0.442746,
      0.414042
    ],
    "chances": [
      2.113376,
      1.140879
    ],
    "goals": [
      0.0,
      1.0
    ],
    "shots_on_target": [
      0.920142,
      0.645111
    ]
  },
  "FW": {
    "goals": [
      0.648165,
      0.333737
    ],
    "xG": [
      0.479233,
      0.31663
    ],
    "shots_on_target": [
      1.336595,
      0.697959
    ],
    "assists": [
      0.19166,
      0.371702
    ]
  }
}