{
  "_meta": {
    "created_at": "2026-03-08T03:39:49.477575+00:00"
  },
  "GK": {
    "goalkeeper_saves": [
      2.941558,
      1.303838
    ],
    "clean_sheets": [
      1.0,
      1.017095
    ],
    "goals_conceded": [
      1.204834,
      0.866937
    ]
  },
  "CB": {
    "defensive_clearances": [
      2.787593,
      0.805515
    ],
    "passes_conversion_rate": [
      0.856923,
      0.066003
    ],
    "ball_control_phases": [
      65.307221,
      17.703598
    ]
  },
  "FB": {
    "crosses_from_play_successful": [
      1.358097,
      0.379629
    ],
    "passes_conversion_rate": [
      0.77,
      0.111355
    ],
    "assists": [
      0.074276,
      0.181938
    ],
    "ball_control_phases": [
      63.336274,
      7.324931
    ]
  },
  "DM": {
    "passes_conversion_rate": [
      0.870642,
      0.051102
    ],
    "ball_control_phases": [
      58.283532,
      16.118471
    ],
    "fouls_against_opponent": [
      1.035514,
      0.784112
    ]
  },
  "CM": {
    "passes_conversion_rate": [
      0.734717,
      0.073422
    ],
    "ball_control_phases": [
      38.723888,
      11.838751
    ],
    "chances": [
      0.871086,
      0.945322
    ],
    "assists": [
      0.039895,
      0.129443
    ]
  },
  "AM": {
    "assists": [
      0.410556,
      0.342872
    ],
    "chances": [
      1.925771,
      0.988694
    ],
    "goals": [
      0.0,
      1.0
    ],
    "shots_on_target": [
      0.744923,
      0.560423
    ]
  },
  "FW": {
    "goals": [
      0.558639,
      0.337565
    ],
    "xG": [
      0.422585,
      0.297455
    ],
    "shots_on_target": [
      1.133738,
      0.64725
    ],
    "assists": [
      0.170381,
      0.296872
    ]
  }
}